{"0": {"widths": {"value": 1.9350271968717345, "stderr": 0.19174884246967877, "peak_type": "LorentzianModel", "bounds": [0.1, 3]}, "centers": {"value": 407.35213749023256, "stderr": 0.1281490267964589, "peak_type": "LorentzianModel", "bounds": [390, 410]}, "amps": {"value": 3665.4587951289823, "stderr": 251.62871288190092, "peak_type": "LorentzianModel", "bounds": [47.855682347826054, 604.3530000000001]}}, "1": {"widths": {"value": 2.7536743733276765, "stderr": 0.34717994392192286, "peak_type": "LorentzianModel", "bounds": [0.1, 3]}, "centers": {"value": 381.67731641968845, "stderr": 0.24382343889322952, "peak_type": "LorentzianModel", "bounds": [370, 390]}, "amps": {"value": 3343.0789854044865, "stderr": 297.88940943475944, "peak_type": "LorentzianModel", "bounds": [47.855682347826054, 604.3530000000001]}}}