{"0": {"widths": {"value": 73.0156508847453, "stderr": null, "peak_type": "LorentzianModel", "bounds": [3.0071090470089574, 90.21327141026872]}, "centers": {"value": 759.9730000000001, "stderr": null, "peak_type": "LorentzianModel", "bounds": [459.2620952991043, 1060.6839047008957]}, "amps": {"value": 3529.5037455972088, "stderr": null, "peak_type": "LorentzianModel", "bounds": [13.802308667238709, 556.57486814938]}}, "1": {"widths": {"value": 1.6231821620770734, "stderr": null, "peak_type": "LorentzianModel", "bounds": [0.07317647773609337, 2.195294332082801]}, "centers": {"value": 468.0656474937024, "stderr": null, "peak_type": "LorentzianModel", "bounds": [453.4303522263907, 468.0656477736094]}, "amps": {"value": 90.80116050126082, "stderr": null, "peak_type": "LorentzianModel", "bounds": [13.802308667238709, 556.57486814938]}}, "2": {"widths": {"value": 63.486011248182, "stderr": null, "peak_type": "LorentzianModel", "bounds": [3.25551682546737, 97.66550476402111]}, "centers": {"value": 395.597, "stderr": null, "peak_type": "LorentzianModel", "bounds": [70.04531745326295, 721.1486825467371]}, "amps": {"value": 4282.47975554481, "stderr": null, "peak_type": "LorentzianModel", "bounds": [13.802308667238709, 556.57486814938]}}, "3": {"widths": {"value": 3.5682917572640043, "stderr": null, "peak_type": "LorentzianModel", "bounds": [3.5682917572639985, 107.04875271791997]}, "centers": {"value": 407.27808060450224, "stderr": null, "peak_type": "LorentzianModel", "bounds": [-229.47017572639987, 484.18817572639983]}, "amps": {"value": 3548.572068406812, "stderr": null, "peak_type": "LorentzianModel", "bounds": [13.802308667238709, 556.57486814938]}}}