{"0": {"widths": {"value": 9.439404519406612, "stderr": null, "peak_type": "LorentzianModel", "bounds": [0.4633574625024499, 13.900723875073497]}, "centers": {"value": 783.9804714973944, "stderr": null, "peak_type": "LorentzianModel", "bounds": [749.9002537497552, 842.571746250245]}, "amps": {"value": 118.36120643339264, "stderr": null, "peak_type": "LorentzianModel", "bounds": [35.482291133791996, 581.442728920312]}}, "1": {"widths": {"value": 52.42017439382765, "stderr": null, "peak_type": "LorentzianModel", "bounds": [5.907791637181451, 177.23374911544352]}, "centers": {"value": 753.034792023249, "stderr": null, "peak_type": "LorentzianModel", "bounds": [180.8678362818548, 1362.426163718145]}, "amps": {"value": 2327.655663861341, "stderr": null, "peak_type": "LorentzianModel", "bounds": [35.482291133791996, 581.442728920312]}}, "2": {"widths": {"value": 5.388777558605511, "stderr": null, "peak_type": "LorentzianModel", "bounds": [5.388777558599681, 161.66332675799043]}, "centers": {"value": 407.3075191238572, "stderr": null, "peak_type": "LorentzianModel", "bounds": [228.8792441400318, 1306.6347558599682]}, "amps": {"value": 4573.885216790852, "stderr": null, "peak_type": "LorentzianModel", "bounds": [35.482291133791996, 581.442728920312]}}, "3": {"widths": {"value": 19.10437926453471, "stderr": null, "peak_type": "LorentzianModel", "bounds": [7.28371549766248, 218.51146492987442]}, "centers": {"value": 756.078, "stderr": null, "peak_type": "LorentzianModel", "bounds": [27.70645023375198, 1484.4495497662479]}, "amps": {"value": 582.8699487079092, "stderr": null, "peak_type": "LorentzianModel", "bounds": [35.482291133791996, 581.442728920312]}}, "4": {"widths": {"value": 168.25208665237932, "stderr": null, "peak_type": "LorentzianModel", "bounds": [7.317752350295207, 219.53257050885622]}, "centers": {"value": 298.3072624052409, "stderr": null, "peak_type": "LorentzianModel", "bounds": [20.405764970479368, 1483.9562350295207]}, "amps": {"value": 1445.6144309805613, "stderr": null, "peak_type": "LorentzianModel", "bounds": [35.482291133791996, 581.442728920312]}}, "5": {"widths": {"value": 0.4586287746847961, "stderr": null, "peak_type": "LorentzianModel", "bounds": [0.44038270246090017, 13.211481073827006]}, "centers": {"value": 760.9618066688104, "stderr": null, "peak_type": "LorentzianModel", "bounds": [704.24472975391, 792.3212702460901]}, "amps": {"value": 2.310988143638948e-05, "stderr": null, "peak_type": "LorentzianModel", "bounds": [35.482291133791996, 581.442728920312]}}, "6": {"widths": {"value": 89.27909245249442, "stderr": null, "peak_type": "LorentzianModel", "bounds": [6.12387886087575, 183.7163658262725]}, "centers": {"value": 376.29305730703004, "stderr": null, "peak_type": "LorentzianModel", "bounds": [131.99411391242495, 1356.7698860875748]}, "amps": {"value": 1.009683496703813, "stderr": null, "peak_type": "LorentzianModel", "bounds": [35.482291133791996, 581.442728920312]}}, "7": {"widths": {"value": 50.58442097990965, "stderr": null, "peak_type": "LorentzianModel", "bounds": [7.026459315300217, 210.7937794590065]}, "centers": {"value": 858.1656657660639, "stderr": null, "peak_type": "LorentzianModel", "bounds": [24.81006846997832, 1430.1019315300218]}, "amps": {"value": 4056.414780570884, "stderr": null, "peak_type": "LorentzianModel", "bounds": [35.482291133791996, 581.442728920312]}}, "8": {"widths": {"value": 4.143291731944731, "stderr": null, "peak_type": "LorentzianModel", "bounds": [2.222457087934598, 66.67371263803796]}, "centers": {"value": 703.6914914254219, "stderr": null, "peak_type": "LorentzianModel", "bounds": [494.7762912065401, 939.2677087934597]}, "amps": {"value": 363.7272274725095, "stderr": null, "peak_type": "LorentzianModel", "bounds": [35.482291133791996, 581.442728920312]}}, "9": {"widths": {"value": 57.4786246970807, "stderr": null, "peak_type": "LorentzianModel", "bounds": [2.118021681715798, 63.54065045147394]}, "centers": {"value": 714.4110000000001, "stderr": null, "peak_type": "LorentzianModel", "bounds": [502.60883182842025, 926.2131681715798]}, "amps": {"value": 720.2278568358006, "stderr": null, "peak_type": "LorentzianModel", "bounds": [35.482291133791996, 581.442728920312]}}, "10": {"widths": {"value": 98.94575329121867, "stderr": null, "peak_type": "LorentzianModel", "bounds": [4.886478887282727, 146.5943666184818]}, "centers": {"value": 709.186, "stderr": null, "peak_type": "LorentzianModel", "bounds": [220.53811127172736, 1197.8338887282728]}, "amps": {"value": 1067.8190951624167, "stderr": null, "peak_type": "LorentzianModel", "bounds": [35.482291133791996, 581.442728920312]}}, "11": {"widths": {"value": 40.35042649375547, "stderr": null, "peak_type": "LorentzianModel", "bounds": [6.540852847390518, 196.22558542171555]}, "centers": {"value": 576.753637968158, "stderr": null, "peak_type": "LorentzianModel", "bounds": [44.64171526094822, 1352.8122847390518]}, "amps": {"value": 3379.1847096905703, "stderr": null, "peak_type": "LorentzianModel", "bounds": [35.482291133791996, 581.442728920312]}}, "12": {"widths": {"value": 2.841925662200823, "stderr": null, "peak_type": "LorentzianModel", "bounds": [2.0360389196414284, 61.081167589242845]}, "centers": {"value": 778.083350232585, "stderr": null, "peak_type": "LorentzianModel", "bounds": [471.5361080358572, 878.7438919641428]}, "amps": {"value": 177.92431491586993, "stderr": null, "peak_type": "LorentzianModel", "bounds": [35.482291133791996, 581.442728920312]}}, "13": {"widths": {"value": 36.5855691606579, "stderr": null, "peak_type": "LorentzianModel", "bounds": [5.799756415978429, 173.99269247935285]}, "centers": {"value": 143.5060752605222, "stderr": null, "peak_type": "LorentzianModel", "bounds": [-183.0146415978429, 976.9366415978429]}, "amps": {"value": 2593.9914073969603, "stderr": null, "peak_type": "LorentzianModel", "bounds": [35.482291133791996, 581.442728920312]}}, "14": {"widths": {"value": 64.95422274339414, "stderr": null, "peak_type": "LorentzianModel", "bounds": [6.9765605425127175, 209.29681627538153]}, "centers": {"value": 700.2690143233281, "stderr": null, "peak_type": "LorentzianModel", "bounds": [-317.07105425127185, 1078.2410542512719]}, "amps": {"value": 613.7683155137838, "stderr": null, "peak_type": "LorentzianModel", "bounds": [35.482291133791996, 581.442728920312]}}, "15": {"widths": {"value": 5.727898948916602, "stderr": null, "peak_type": "LorentzianModel", "bounds": [1.1889280375271345, 35.667841125814036]}, "centers": {"value": 448.48755477035195, "stderr": null, "peak_type": "LorentzianModel", "bounds": [258.9591962472865, 496.74480375271344]}, "amps": {"value": 693.2675988395064, "stderr": null, "peak_type": "LorentzianModel", "bounds": [35.482291133791996, 581.442728920312]}}, "16": {"widths": {"value": 2.9257611404514545, "stderr": null, "peak_type": "LorentzianModel", "bounds": [2.925761140436006, 87.77283421308017]}, "centers": {"value": 381.60252922751977, "stderr": null, "peak_type": "LorentzianModel", "bounds": [81.17388595639943, 666.3261140436006]}, "amps": {"value": 2748.8829906774927, "stderr": null, "peak_type": "LorentzianModel", "bounds": [35.482291133791996, 581.442728920312]}}, "17": {"widths": {"value": 30.00646382792539, "stderr": null, "peak_type": "LorentzianModel", "bounds": [3.8203805544707357, 114.61141663412207]}, "centers": {"value": 506.7846920284858, "stderr": null, "peak_type": "LorentzianModel", "bounds": [-13.760055447073569, 750.3160554470736]}, "amps": {"value": 2287.5953413422803, "stderr": null, "peak_type": "LorentzianModel", "bounds": [35.482291133791996, 581.442728920312]}}, "18": {"widths": {"value": 59.84007485547201, "stderr": null, "peak_type": "LorentzianModel", "bounds": [3.7822511809123376, 113.46753542737014]}, "centers": {"value": 270.16928539111746, "stderr": null, "peak_type": "LorentzianModel", "bounds": [-211.26311809123374, 545.1871180912337]}, "amps": {"value": 4385.1651157477045, "stderr": null, "peak_type": "LorentzianModel",