{"0": {"widths": {"value": 207.82423880359724, "stderr": null, "peak_type": "LorentzianModel", "bounds": [6.9274746267912635, 207.8242388037379]}, "centers": {"value": 238.00592447725546, "stderr": null, "peak_type": "LorentzianModel", "bounds": [102.19553732087365, 1487.6904626791263]}, "amps": {"value": 14598.494272539923, "stderr": null, "peak_type": "LorentzianModel", "bounds": [35.22012871419391, 580.234718895095]}}, "1": {"widths": {"value": 4.872449914398, "stderr": null, "peak_type": "LorentzianModel", "bounds": [4.8724499105484975, 146.17349731645493]}, "centers": {"value": 381.43792438188666, "stderr": null, "peak_type": "LorentzianModel", "bounds": [-4.907991054849731, 969.5819910548497]}, "amps": {"value": 3240.1713133633707, "stderr": null, "peak_type": "LorentzianModel", "bounds": [35.22012871419391, 580.234718895095]}}, "2": {"widths": {"value": 1.3124927944145524, "stderr": null, "peak_type": "LorentzianModel", "bounds": [0.18394399995828864, 5.518319998748659]}, "centers": {"value": 407.34287619046853, "stderr": null, "peak_type": "LorentzianModel", "bounds": [378.56660000417116, 415.35539999582886]}, "amps": {"value": 2602.653807952607, "stderr": null, "peak_type": "LorentzianModel", "bounds": [35.22012871419391, 580.234718895095]}}, "3": {"widths": {"value": 213.2981909339662, "stderr": null, "peak_type": "LorentzianModel", "bounds": [7.109939697799308, 213.29819093397924]}, "centers": {"value": 739.7632304422945, "stderr": null, "peak_type": "LorentzianModel", "bounds": [-544.0319697799308, 877.9559697799308]}, "amps": {"value": 21679.8796974977, "stderr": null, "peak_type": "LorentzianModel", "bounds": [35.22012871419391, 580.234718895095]}}}