{"0": {"widths": {"value": 176.4598392016917, "stderr": null, "peak_type": "LorentzianModel", "bounds": [5.88199464005682, 176.4598392017046]}, "centers": {"value": 794.943, "stderr": null, "peak_type": "LorentzianModel", "bounds": [206.743535994318, 1383.142464005682]}, "amps": {"value": 18765.81599718768, "stderr": null, "peak_type": "LorentzianModel", "bounds": [35.22012871419391, 580.234718895095]}}, "1": {"widths": {"value": 84.8440352168807, "stderr": null, "peak_type": "LorentzianModel", "bounds": [2.8281345072293727, 84.84403521688117]}, "centers": {"value": 482.337, "stderr": null, "peak_type": "LorentzianModel", "bounds": [199.52354927706273, 765.1504507229372]}, "amps": {"value": 6810.0603549252655, "stderr": null, "peak_type": "LorentzianModel", "bounds": [35.22012871419391, 580.234718895095]}}, "2": {"widths": {"value": 25.71396783715023, "stderr": null, "peak_type": "LorentzianModel", "bounds": [3.137576821466051, 94.12730464398152]}, "centers": {"value": 396.961, "stderr": null, "peak_type": "LorentzianModel", "bounds": [83.20331785339494, 710.718682146605]}, "amps": {"value": 5782.328664433589, "stderr": null, "peak_type": "LorentzianModel", "bounds": [35.22012871419391, 580.234718895095]}}, "3": {"widths": {"value": 2.854912313673071, "stderr": null, "peak_type": "LorentzianModel", "bounds": [2.8549121875731553, 85.64736562719466]}, "centers": {"value": 381.58031945275627, "stderr": null, "peak_type": "LorentzianModel", "bounds": [-118.52921875731553, 452.45321875731554]}, "amps": {"value": 2043.1124076332028, "stderr": null, "peak_type": "LorentzianModel", "bounds": [35.22012871419391, 580.234718895095]}}}